cartera,CAGR %,vol %,Sharpe,MDD %,x final
SPY,11.956044868814919,17.448708696075503,0.7362221023608038,-34.10474689324394,3.9380825309055036
"Universo (todas, iguales)",8.967719420539444,19.652676731341536,0.5367818717555326,-41.1678297377845,2.835829650217943
"Top 10 aceleración, coste 0.00%",18.125909418610362,32.00582531185898,0.6829847991663708,-53.777643360352776,7.551713303642023
"Top 10 aceleración, coste 0.10%",17.654007021828622,32.00355665352839,0.670470711693713,-53.778174155215005,7.193598712196802
"Top 10 aceleración, coste 0.25%",16.948819996799756,32.00249132117933,0.6516490911287974,-53.77897098713855,6.687414674784152
"Top 10 aceleración, coste 0.50%",15.780595011624431,32.006949761941094,0.6201573130490655,-53.780300742085274,5.920257391802327
"Peor 10 aceleración, coste 0%",7.727878583512404,30.12956370800416,0.39865089401226567,-70.52848810088828,2.4681000935804516
"Top 20 aceleración, coste 0.00%",16.018273923429316,28.3610309609416,0.6679297739966132,-48.0889273457769,6.06945899428269
"Top 20 aceleración, coste 0.10%",15.553406957924022,28.359437801693243,0.6537585350815376,-48.08759225176953,5.780794709699781
"Top 20 aceleración, coste 0.25%",14.858743017075259,28.359698780665177,0.6324401768600239,-48.20798641578414,5.372850059848866
"Top 20 aceleración, coste 0.50%",13.707976514249353,28.367200492012536,0.5967633655114111,-48.97908065496416,4.754759291818112
"Peor 20 aceleración, coste 0%",8.025953963995347,27.424883048830857,0.4195551430453093,-60.80717817146547,2.5522726731490266
"Top 50 aceleración, coste 0.00%",12.181194333120594,25.13718757188216,0.5848891377603267,-48.9738225284449,4.035286704391165
"Top 50 aceleración, coste 0.10%",11.733652729622236,25.136259586333093,0.568959631008778,-49.280367353916375,3.8441824349729394
"Top 50 aceleración, coste 0.25%",11.06486473103445,25.137812871353365,0.5449997383546387,-49.737303596849834,3.574040036223029
"Top 50 aceleración, coste 0.50%",9.956927022652406,25.148253739116967,0.5049166362732674,-50.4912327672032,3.1645662673292705
"Peor 50 aceleración, coste 0%",7.934630476362936,25.23304097162168,0.42985905974231103,-51.786092270349315,2.526208403943298
